DATE,PRICE,TOTAL_VOLUME
2024-07-09 00:00:00.000,4.507692308,447589.401621314
2024-07-08 00:00:00.000,4.47375,1194155.72616291
2024-07-07 00:00:00.000,4.679166667,960226.531265822
2024-07-06 00:00:00.000,4.57375,494359.081623343
2024-07-05 00:00:00.000,4.36375,1655080.34311124
2024-07-04 00:00:00.000,4.892083333,1026784.98495979
2024-07-03 00:00:00.000,5.2625,665213.0203555
2024-07-02 00:00:00.000,5.3925,436463.027564135
2024-07-01 00:00:00.000,5.3125,484176.759669922
2024-06-30 00:00:00.000,5.045416667,443397.771036191
2024-06-29 00:00:00.000,4.975416667,455102.544655181
2024-06-28 00:00:00.000,5.10375,635467.631513901
2024-06-27 00:00:00.000,5.18125,460629.349519287
2024-06-26 00:00:00.000,5.2975,593306.201479509
2024-06-25 00:00:00.000,5.5125,843184.622081591
2024-06-24 00:00:00.000,5.273333333,1534396.59789987
2024-06-23 00:00:00.000,5.287083333,763927.920476802
2024-06-22 00:00:00.000,5.255833333,853828.892578396
2024-06-21 00:00:00.000,5.279166667,1513347.94964196
2024-06-20 00:00:00.000,5.208333333,1406636.43662364
2024-06-19 00:00:00.000,4.952916667,726325.913378415
2024-06-18 00:00:00.000,4.757916667,1876249.4290647
2024-06-17 00:00:00.000,5.367916667,1287271.64787618
2024-06-16 00:00:00.000,5.60875,428320.021504856
2024-06-15 00:00:00.000,5.616666667,450413.013748951
2024-06-14 00:00:00.000,5.789166667,973861.442450263
2024-06-13 00:00:00.000,6.150416667,1199297.69967968
2024-06-12 00:00:00.000,6.290833333,998816.158721731
2024-06-11 00:00:00.000,6.192083333,987332.112692713
2024-06-10 00:00:00.000,6.477916667,757774.170266505
2024-06-09 00:00:00.000,6.600833333,390245.48765539
2024-06-08 00:00:00.000,6.733333333,659460.471136727
2024-06-07 00:00:00.000,7.244166667,1687725.09670625
2024-06-06 00:00:00.000,7.499583333,810529.724688779
2024-06-05 00:00:00.000,7.563333333,3255516.73787151
2024-06-04 00:00:00.000,7.206666667,755943.979968164
2024-06-03 00:00:00.000,7.25625,852902.277856998
2024-06-02 00:00:00.000,7.347916667,791713.680813841
2024-06-01 00:00:00.000,7.264166667,822835.330204552
2024-05-31 00:00:00.000,7.2625,704957.473420942
2024-05-30 00:00:00.000,7.45125,992896.029623302
2024-05-29 00:00:00.000,7.700416667,976471.863531508
2024-05-28 00:00:00.000,7.729166667,1437106.98669298
2024-05-27 00:00:00.000,7.827916667,934006.94047476
2024-05-26 00:00:00.000,8.049583333,689799.341049779
2024-05-25 00:00:00.000,8.000833333,390959.590596869
2024-05-24 00:00:00.000,7.79,655696.950584695
2024-05-23 00:00:00.000,7.879583333,1351846.59839033
2024-05-22 00:00:00.000,7.908333333,973352.415087357
2024-05-21 00:00:00.000,8.061666667,835449.976108981
2024-05-20 00:00:00.000,7.98625,879856.772113928
2024-05-19 00:00:00.000,7.863333333,652011.793812444
2024-05-18 00:00:00.000,7.967916667,434664.461991051
2024-05-17 00:00:00.000,8.115416667,872075.780539113
2024-05-16 00:00:00.000,8.089166667,1071056.91629822
2024-05-15 00:00:00.000,7.329166667,999043.324139334
2024-05-14 00:00:00.000,7.151999256,1446611.20914657
2024-05-13 00:00:00.000,7.037801042,814293.186811893
2024-05-12 00:00:00.000,6.970205741,500917.038661813
2024-05-11 00:00:00.000,7.149917523,1038464.15276268
2024-05-10 00:00:00.000,7.426397837,1215868.52163933
2024-05-09 00:00:00.000,7.126583945,1302839.83831328
2024-05-08 00:00:00.000,7.106402839,1427176.71907744
2024-05-07 00:00:00.000,7.462442918,1325467.42928242
2024-05-06 00:00:00.000,7.37347562,352471554.895498
2024-05-05 00:00:00.000,7.089619712,8943122.36028375
2024-05-04 00:00:00.000,6.867201601,583914.316719614
2024-05-03 00:00:00.000,6.421648266,597788.278958292
2024-05-02 00:00:00.000,6.036848396,1101886.67231012
2024-05-01 00:00:00.000,6.065175573,1585078.43866487
2024-04-30 00:00:00.000,6.452637287,1333378.77473327
2024-04-29 00:00:00.000,6.867648742,676879.357453756
2024-04-28 00:00:00.000,7.25725698,741925.633462301
2024-04-27 00:00:00.000,7.112116078,1292219.515617
2024-04-26 00:00:00.000,7.170566362,1192355.55976803
2024-04-25 00:00:00.000,6.872900768,1221847.73349736
2024-04-24 00:00:00.000,6.983010841,3131687.31549925
2024-04-23 00:00:00.000,7.042971191,1283374.4586711
2024-04-22 00:00:00.000,6.817902365,1167462.36531955
2024-04-21 00:00:00.000,6.248751123,932231.04910281
2024-04-20 00:00:00.000,5.791755982,942194.361503273
2024-04-19 00:00:00.000,5.618800897,1382263.58592691
2024-04-18 00:00:00.000,5.568423545,1247442.342451
2024-04-17 00:00:00.000,5.427021904,1678331.70788026
2024-04-16 00:00:00.000,5.194508701,1795243.2325264
2024-04-15 00:00:00.000,5.489293456,1798187.60193796
2024-04-14 00:00:00.000,5.339650679,1851807.4329574
2024-04-13 00:00:00.000,5.559612095,2722738.20335423
2024-04-12 00:00:00.000,6.556715983,1859728.52315088
2024-04-11 00:00:00.000,6.982292075,1522617.55271161
2024-04-10 00:00:00.000,6.968483949,920501.917421888
2024-04-09 00:00:00.000,7.404996638,1608285.20352378
2024-04-08 00:00:00.000,7.248108764,930366.14774286
2024-04-07 00:00:00.000,6.985332885,581495.751377331
2024-04-06 00:00:00.000,7.055949284,810330.721421816
2024-04-05 00:00:00.000,6.902483008,1250042.99904998
2024-04-04 00:00:00.000,6.709958143,397114303.921667
2024-04-03 00:00:00.000,6.588709236,86389595083.7519
2024-04-02 00:00:00.000,6.350355572,1131543.60252452
2024-04-01 00:00:00.000,6.898850911,1224790.13962918
2024-03-31 00:00:00.000,7.147935645,906951.864327813
2024-03-30 00:00:00.000,7.112547292,754780.931863565
2024-03-29 00:00:00.000,7.04546571,1769746.14619437
2024-03-28 00:00:00.000,7.274830323,1795533.32519296
2024-03-27 00:00:00.000,7.504213836,2912688.51088597
2024-03-26 00:00:00.000,7.773876839,1859959.01876864
2024-03-25 00:00:00.000,7.335591331,1706444.4888915
2024-03-24 00:00:00.000,6.59670224,1273145.42313075
2024-03-23 00:00:00.000,6.635742081,866003.877738705
2024-03-22 00:00:00.000,6.473867208,1973621.38054293
2024-03-21 00:00:00.000,6.67211646,1813936.2910807
2024-03-20 00:00:00.000,6.456376655,2476074.66660616
2024-03-19 00:00:00.000,6.749216567,3587878.29643358
2024-03-18 00:00:00.000,7.652838597,3702480.15266584
2024-03-17 00:00:00.000,7.512765767,2604484.23691521
2024-03-16 00:00:00.000,7.31273807,3044404.06044317
2024-03-15 00:00:00.000,7.811926894,4479675.06106525
2024-03-14 00:00:00.000,7.954967373,3330581.92518972
2024-03-13 00:00:00.000,7.978151093,3054618.98932736
2024-03-12 00:00:00.000,7.164215933,2245401.57766516
2024-03-11 00:00:00.000,6.7017788,2744990.7673564
2024-03-10 00:00:00.000,6.031729068,1358596.25150038
2024-03-09 00:00:00.000,6.026861405,1777598.12420673
2024-03-08 00:00:00.000,5.435822829,1400957.10190181
2024-03-07 00:00:00.000,5.641472265,1998122.53074752
2024-03-06 00:00:00.000,4.602693406,1542222.92958572
2024-03-05 00:00:00.000,4.293528353,1232569.82690037
2024-03-04 00:00:00.000,4.469404009,719786.705881983
2024-03-03 00:00:00.000,4.314804147,687953.381940308
2024-03-02 00:00:00.000,4.12199341,384668.406531583
2024-03-01 00:00:00.000,3.964995947,359980.292564763
2024-02-29 00:00:00.000,3.947955682,424959.063210713
2024-02-28 00:00:00.000,3.921569353,639901.858129553
2024-02-27 00:00:00.000,4.001698763,445465.017891749
2024-02-26 00:00:00.000,3.874483721,481940.599986067
2024-02-25 00:00:00.000,3.747005314,291819.288837817
2024-02-24 00:00:00.000,3.536639176,381406.451274702
2024-02-23 00:00:00.000,3.265116987,260411.596527806
2024-02-22 00:00:00.000,3.235275015,295104.468857705
2024-02-21 00:00:00.000,3.230492722,276453.38900183
2024-02-20 00:00:00.000,3.424374692,375369.688391092
2024-02-19 00:00:00.000,3.545635052,361549.966688663
2024-02-18 00:00:00.000,3.416781031,337700.600751537
2024-02-17 00:00:00.000,3.25311178,231823.710405886
2024-02-16 00:00:00.000,3.327094885,424939.609998881
2024-02-15 00:00:00.000,3.337334695,411927.097132562
2024-02-14 00:00:00.000,3.312117769,325785.527959564
2024-02-13 00:00:00.000,3.296027426,302460.061787258
2024-02-12 00:00:00.000,3.20388046,291704.434841831
2024-02-11 00:00:00.000,3.134893762,275224.952481272
2024-02-10 00:00:00.000,3.038229037,198592.596076594
2024-02-09 00:00:00.000,2.976827783,240881.084232774
2024-02-08 00:00:00.000,2.930531083,193463.380378287
2024-02-07 00:00:00.000,2.753578731,199950.470681463
2024-02-06 00:00:00.000,2.734374728,158651.190973201
2024-02-05 00:00:00.000,2.760804826,175753.066145827
2024-02-04 00:00:00.000,2.78821384,153357.839752353
2024-02-03 00:00:00.000,2.854039867,120142.885492783
2024-02-02 00:00:00.000,2.874978009,215430.475491214
2024-02-01 00:00:00.000,2.801529314,150413.628428688
2024-01-31 00:00:00.000,2.919433913,280847.185498203
2024-01-30 00:00:00.000,3.05532905,300703.596043078
2024-01-29 00:00:00.000,2.933122032,187287.005229623
2024-01-28 00:00:00.000,2.966610779,191805.31106862
2024-01-27 00:00:00.000,2.894252416,134338.513643986
2024-01-26 00:00:00.000,2.831542402,230780.298822559
2024-01-25 00:00:00.000,2.665796973,203750.929429623
2024-01-24 00:00:00.000,2.599307961,173927.61510994
2024-01-23 00:00:00.000,2.606731792,490021.626684637
2024-01-22 00:00:00.000,2.801328827,332178.565993424
2024-01-21 00:00:00.000,2.980463159,143090.849427484
2024-01-20 00:00:00.000,2.93111485,247543.503596817
2024-01-19 00:00:00.000,2.996082138,262974.421670196
2024-01-18 00:00:00.000,3.213383994,290882.480285589
2024-01-17 00:00:00.000,3.26695816,212519.536209943
2024-01-16 00:00:00.000,3.278246862,289340.909662763
2024-01-15 00:00:00.000,3.342277585,295846.745331006
2024-01-14 00:00:00.000,3.410426711,251975.597450524
2024-01-13 00:00:00.000,3.418752144,460824.176584991
2024-01-12 00:00:00.000,3.572053954,655955.284817433
2024-01-11 00:00:00.000,3.648695461,1172219.72225377
2024-01-10 00:00:00.000,3.23032576,946962.994555665
2024-01-09 00:00:00.000,3.311305373,557400.065234061
2024-01-08 00:00:00.000,3.211512671,674109.789158222
2024-01-07 00:00:00.000,3.401948119,371805.053978999
2024-01-06 00:00:00.000,3.416747838,634973.634404134
2024-01-05 00:00:00.000,3.679979245,458293.688235161
2024-01-04 00:00:00.000,3.769984766,678875.171056582
2024-01-03 00:00:00.000,3.832666551,866882.613007355
2024-01-02 00:00:00.000,3.986707435,576830.087849389
2024-01-01 00:00:00.000,3.669018861,315434.761163181
2023-12-31 00:00:00.000,3.706406462,468433.056617553
2023-12-30 00:00:00.000,3.65293174,323462.353460826
2023-12-29 00:00:00.000,3.762044106,834810.069183324
2023-12-28 00:00:00.000,3.978268988,1217680.27152506
2023-12-27 00:00:00.000,4.167558821,1243116.06574526
2023-12-26 00:00:00.000,4.328080369,1370041.97515926
2023-12-25 00:00:00.000,3.965476332,1936673.49257521
2023-12-24 00:00:00.000,3.818974792,722612.428399632
2023-12-23 00:00:00.000,3.385027831,662316.72954529
2023-12-22 00:00:00.000,3.442807018,1381659.32711153
2023-12-21 00:00:00.000,3.17401842,1704962.18481582
2023-12-20 00:00:00.000,2.772273382,1185779.24015497
2023-12-19 00:00:00.000,2.363750154,386631.748975817
2023-12-18 00:00:00.000,2.19027419,569525.847258519
2023-12-17 00:00:00.000,2.365636787,253574.198022885
2023-12-16 00:00:00.000,2.30822345,246596.838352395
2023-12-15 00:00:00.000,2.254534408,367019.715401497
2023-12-14 00:00:00.000,2.287218112,621372.567191992
2023-12-13 00:00:00.000,2.21009324,368347.761464929
2023-12-12 00:00:00.000,2.29948951,651244.395455965
2023-12-11 00:00:00.000,2.336292132,363022.947951304
2023-12-10 00:00:00.000,2.454835427,487444.074275617
2023-12-09 00:00:00.000,2.495032376,364990.121618827
2023-12-08 00:00:00.000,2.267433686,415733.435268567
2023-12-07 00:00:00.000,2.277244083,284318.126091524
2023-12-06 00:00:00.000,2.307791926,560043.686990048
2023-12-05 00:00:00.000,2.226291728,1434271.5516623
2023-12-04 00:00:00.000,2.09164373,538739.726239817
2023-12-03 00:00:00.000,1.983943043,930621.318909568
2023-12-02 00:00:00.000,1.969279506,79652.943127359
2023-12-01 00:00:00.000,1.876509184,59716.053791475
2023-11-30 00:00:00.000,1.842777038,72812.632746701
2023-11-29 00:00:00.000,1.831451354,129806.795055268
2023-11-28 00:00:00.000,1.781504998,94776.794854934
2023-11-27 00:00:00.000,1.776054101,100520.9157302
2023-11-26 00:00:00.000,1.862404767,174610.159463213
2023-11-25 00:00:00.000,1.855972413,110576.164588212
2023-11-24 00:00:00.000,1.824037194,500459.897646203
2023-11-23 00:00:00.000,1.808731522,233834.9365974
2023-11-22 00:00:00.000,1.815724947,402631.667702804
2023-11-21 00:00:00.000,1.920780131,275021.517991214
2023-11-20 00:00:00.000,2.056572618,262710.26306902
2023-11-19 00:00:00.000,1.835275849,146552.005878902
2023-11-18 00:00:00.000,1.763695073,185027.586555536
2023-11-17 00:00:00.000,1.834333829,276236.047131091
2023-11-16 00:00:00.000,1.753053145,226067.102536744
2023-11-15 00:00:00.000,1.632007824,158265.985009666
2023-11-14 00:00:00.000,1.57087971,213964.000284556
2023-11-13 00:00:00.000,1.689112126,252806.477221755
2023-11-12 00:00:00.000,1.657842754,236665.713835267
2023-11-11 00:00:00.000,1.556793271,128544.296568834
2023-11-10 00:00:00.000,1.46484685,157903.147597405
2023-11-09 00:00:00.000,1.474705343,201588.034005495
2023-11-08 00:00:00.000,1.455503419,89613.080435023
2023-11-07 00:00:00.000,1.514983497,197980.081747619
2023-11-06 00:00:00.000,1.604484143,141388.363505569
2023-11-05 00:00:00.000,1.594527067,136234.263086308
2023-11-04 00:00:00.000,1.493505097,239644.156918012
2023-11-03 00:00:00.000,1.495178756,146460.366314843
2023-11-02 00:00:00.000,1.498229809,174291.012462135
2023-11-01 00:00:00.000,1.398106657,216280.129511875
2023-10-31 00:00:00.000,1.303756253,80323.671961655
2023-10-30 00:00:00.000,1.275293111,72748.301107962
2023-10-29 00:00:00.000,1.226498497,61556.691018514
2023-10-28 00:00:00.000,1.229337647,121399.454654327
2023-10-27 00:00:00.000,1.20283677,175767.664393486
2023-10-26 00:00:00.000,1.170249405,115515.144164849
2023-10-25 00:00:00.000,1.137674828,76861.826892025
2023-10-24 00:00:00.000,1.124629977,102474.607171327
2023-10-23 00:00:00.000,1.06495236,81259.3712019
2023-10-22 00:00:00.000,1.036225084,44726.875999852
2023-10-21 00:00:00.000,1.022122651,40637.097651814
2023-10-20 00:00:00.000,1.001379599,46788.061221424
2023-10-19 00:00:00.000,0.9827661487,76615.419833369
2023-10-18 00:00:00.000,1.003499802,34165.994109306
2023-10-17 00:00:00.000,1.024638,36665.0704926
2023-10-16 00:00:00.000,1.033470929,59531.449923867
2023-10-15 00:00:00.000,1.019443515,22261.289518549
2023-10-14 00:00:00.000,1.009845465,17661.023093955
2023-10-13 00:00:00.000,1.007039316,59418.273460914
2023-10-12 00:00:00.000,1.013850706,54178.527277502
2023-10-11 00:00:00.000,1.026485837,97350.7415505
2023-10-10 00:00:00.000,1.04359422,39277.576978838
2023-10-09 00:00:00.000,1.062552998,123789.991936458
2023-10-08 00:00:00.000,1.089999493,21558.506355375
2023-10-07 00:00:00.000,1.093797341,39976.457587801
2023-10-06 00:00:00.000,1.087929341,32307.087588914
2023-10-05 00:00:00.000,1.09358428,29551.127798385
2023-10-04 00:00:00.000,1.08852581,44073.010753505
2023-10-03 00:00:00.000,1.111545666,47239.601002273
2023-10-02 00:00:00.000,1.148175216,60176.156454636
2023-10-01 00:00:00.000,1.140497827,30224.567849051
2023-09-30 00:00:00.000,1.133678411,31709.170691085
2023-09-29 00:00:00.000,1.108585301,99742.934363838
2023-09-28 00:00:00.000,1.08612779,40937.285317163
2023-09-27 00:00:00.000,1.077169768,35898.287974771
2023-09-26 00:00:00.000,1.094414469,110993.695546019
2023-09-25 00:00:00.000,1.104721401,30074.293339005
2023-09-24 00:00:00.000,1.10904975,24742.570515904
2023-09-23 00:00:00.000,1.114994376,27682.237562154
2023-09-22 00:00:00.000,1.117109646,23947.213106404
2023-09-21 00:00:00.000,1.127386339,47196.08865922
2023-09-20 00:00:00.000,1.114925362,57743.250962357
2023-09-19 00:00:00.000,1.114543465,74812.214132539
2023-09-18 00:00:00.000,1.107239511,31898.428113899
2023-09-17 00:00:00.000,1.110323814,64314.584087513
2023-09-16 00:00:00.000,1.127628708,38920.20011109
2023-09-15 00:00:00.000,1.111725186,58191.053551188
2023-09-14 00:00:00.000,1.098544994,108478.066429218
2023-09-13 00:00:00.000,1.082661433,71120.518209861
2023-09-12 00:00:00.000,1.096976526,126409.420404414
2023-09-11 00:00:00.000,1.124242223,136907.859424208
2023-09-10 00:00:00.000,1.148146571,76409.979529722
2023-09-09 00:00:00.000,1.160579742,40150.014471449
2023-09-08 00:00:00.000,1.148276823,69465.305357691
2023-09-07 00:00:00.000,1.13492266,161093.244215233
2023-09-06 00:00:00.000,1.125616236,255112.08221846
2023-09-05 00:00:00.000,1.124329599,45658.461579665
2023-09-04 00:00:00.000,1.130330608,35275.864272091
2023-09-03 00:00:00.000,1.124246378,29826.752404561
2023-09-02 00:00:00.000,1.124572856,43609.875030821
2023-09-01 00:00:00.000,1.145456572,54698.776208975
2023-08-31 00:00:00.000,1.184599602,65629.587341438
2023-08-30 00:00:00.000,1.209024447,59378.42910436
2023-08-29 00:00:00.000,1.19781096,82233.120302339
2023-08-28 00:00:00.000,1.174484214,61378.68213435
2023-08-27 00:00:00.000,1.191044072,52472.457515051
2023-08-26 00:00:00.000,1.197467576,27972.773659148
2023-08-25 00:00:00.000,1.181984027,53370.817249618
2023-08-24 00:00:00.000,1.195642315,260164.099917408
2023-08-23 00:00:00.000,1.180275424,88548.381926043
2023-08-22 00:00:00.000,1.128757197,542702.207110321
2023-08-21 00:00:00.000,1.150653422,101446.086073324
2023-08-20 00:00:00.000,1.16250506,162612.812699032
2023-08-19 00:00:00.000,1.151659256,55578.822800475
2023-08-18 00:00:00.000,1.135717389,447679.656344757
2023-08-17 00:00:00.000,1.205175529,406307.780658539
2023-08-16 00:00:00.000,1.252872454,342713.400141988
2023-08-15 00:00:00.000,1.322818223,130161.358466441
2023-08-14 00:00:00.000,1.342825307,55268.241943986
2023-08-13 00:00:00.000,1.345022521,24326.750862713
2023-08-12 00:00:00.000,1.341837592,28650.608216281
2023-08-11 00:00:00.000,1.329240854,26472.257270743
2023-08-10 00:00:00.000,1.338530731,38796.283794943
2023-08-09 00:00:00.000,1.35379821,90828.306149859
2023-08-08 00:00:00.000,1.346677501,52046.777878294
2023-08-07 00:00:00.000,1.339644368,64358.750886717
2023-08-06 00:00:00.000,1.351339128,59048.110078577
2023-08-05 00:00:00.000,1.342531625,27362.190393072
2023-08-04 00:00:00.000,1.352425337,72177.238861891
2023-08-03 00:00:00.000,1.388236951,78424.517733432
2023-08-02 00:00:00.000,1.398249403,460772.551084217
2023-08-01 00:00:00.000,1.376184094,47165.93299769
2023-07-31 00:00:00.000,1.390454666,68832.458678322
2023-07-30 00:00:00.000,1.403286123,45049.135636533
2023-07-29 00:00:00.000,1.400690666,39711.28233248
2023-07-28 00:00:00.000,1.38530918,41080.926684253
2023-07-27 00:00:00.000,1.370520204,76224.199784507
2023-07-26 00:00:00.000,1.340624775,72215.741688635
2023-07-25 00:00:00.000,1.356762983,101157.187875941
2023-07-24 00:00:00.000,1.410116004,68108.359816728
2023-07-23 00:00:00.000,1.453001529,20595.442650604
2023-07-22 00:00:00.000,1.46811697,38400.370692967
2023-07-21 00:00:00.000,1.50157393,93986.80863832
2023-07-20 00:00:00.000,1.524895295,100373.403048813
2023-07-19 00:00:00.000,1.486361107,173225.613828678
2023-07-18 00:00:00.000,1.473483687,91057.143982092
2023-07-17 00:00:00.000,1.465442892,104672.517007295
2023-07-16 00:00:00.000,1.483981957,68720.014065471
2023-07-15 00:00:00.000,1.492747533,72040.480372889
2023-07-14 00:00:00.000,1.512782614,242093.291821777
2023-07-13 00:00:00.000,1.359839948,126454.972839256
2023-07-12 00:00:00.000,1.339444883,121522.278805219
2023-07-11 00:00:00.000,1.326389107,50773.47738471
2023-07-10 00:00:00.000,1.31635936,69571.246317443
2023-07-09 00:00:00.000,1.352868198,57734.135563951
2023-07-08 00:00:00.000,1.362025049,93895.353302045
2023-07-07 00:00:00.000,1.339295463,103706.244750891
2023-07-06 00:00:00.000,1.347459535,98760.45790719
2023-07-05 00:00:00.000,1.378180185,83621.994456015
2023-07-04 00:00:00.000,1.426860536,82155.62720902
2023-07-03 00:00:00.000,1.4611395,369419.26561949
2023-07-02 00:00:00.000,1.456651686,87135.385572838
2023-07-01 00:00:00.000,1.404009678,101799.983565977
2023-06-30 00:00:00.000,1.371083684,164900.014886116
2023-06-29 00:00:00.000,1.359191411,94914.158195649
2023-06-28 00:00:00.000,1.409191307,110649.769664685
2023-06-27 00:00:00.000,1.482868798,98071.302459303
2023-06-26 00:00:00.000,1.502613795,318863.660347329
2023-06-25 00:00:00.000,1.426051002,56331.032687982
2023-06-24 00:00:00.000,1.413072446,88432.081109883
2023-06-23 00:00:00.000,1.351085582,77761.399838359
2023-06-22 00:00:00.000,1.352832793,86339.408082886
2023-06-21 00:00:00.000,1.314638122,93654.381987706
2023-06-20 00:00:00.000,1.248399135,51889.730977103
2023-06-19 00:00:00.000,1.229043143,61978.467634562
2023-06-18 00:00:00.000,1.254901381,62735.963455247
2023-06-17 00:00:00.000,1.247119443,69092.839421298
2023-06-16 00:00:00.000,1.201850446,80719.158947821
2023-06-15 00:00:00.000,1.179734918,71031.843417186
2023-06-14 00:00:00.000,1.199926532,104149.449384931
2023-06-13 00:00:00.000,1.207254866,67807.139574984
2023-06-12 00:00:00.000,1.195731197,65980.543826448
2023-06-11 00:00:00.000,1.203086746,57368.909608137
2023-06-10 00:00:00.000,1.245732885,279901.485343947
2023-06-09 00:00:00.000,1.407685973,73620.996434477
2023-06-08 00:00:00.000,1.412022375,56707.885582976
2023-06-07 00:00:00.000,1.472693169,125796.048580371
2023-06-06 00:00:00.000,1.502427278,129555.559930416
2023-06-05 00:00:00.000,1.590078504,203774.553818966
2023-06-04 00:00:00.000,1.636433735,114797.783437379
2023-06-03 00:00:00.000,1.617646599,180121.972196757
2023-06-02 00:00:00.000,1.589007607,67725.005230675
2023-06-01 00:00:00.000,1.562009818,72200.639234057
2023-05-31 00:00:00.000,1.578038689,80977.682407621
2023-05-30 00:00:00.000,1.628379177,42229.547467141
2023-05-29 00:00:00.000,1.644893817,193844.338520445
2023-05-28 00:00:00.000,1.643167205,104454.648135931
2023-05-27 00:00:00.000,1.591016556,35375.041060298
2023-05-26 00:00:00.000,1.568031399,41745.397853489
2023-05-25 00:00:00.000,1.567533568,109086.002843661
2023-05-24 00:00:00.000,1.597023997,79229.657450008
2023-05-23 00:00:00.000,1.640361799,105947.39584401
2023-05-22 00:00:00.000,1.610822564,51247.353769246
2023-05-21 00:00:00.000,1.642959998,45574.100208825
2023-05-20 00:00:00.000,1.660503625,63114.163029815
2023-05-19 00:00:00.000,1.668687202,68412.011268734
2023-05-18 00:00:00.000,1.678366217,116077.035885505
2023-05-17 00:00:00.000,1.671776164,165474.560889904
2023-05-16 00:00:00.000,1.653076038,103730.700875779
2023-05-15 00:00:00.000,1.674461144,179301.800203003
2023-05-14 00:00:00.000,1.659695777,79871.180003959
2023-05-13 00:00:00.000,1.642959154,66503.070688622
2023-05-12 00:00:00.000,1.596497435,135108.473278504
2023-05-11 00:00:00.000,1.60935264,108327.865476918
2023-05-10 00:00:00.000,1.63815845,147500.265907438
2023-05-09 00:00:00.000,1.630308938,75327.415808556
2023-05-08 00:00:00.000,1.675086542,380213.277857689
2023-05-07 00:00:00.000,1.768599502,80044.048609839
2023-05-06 00:00:00.000,1.805130866,122175.909735319
2023-05-05 00:00:00.000,1.853175666,116331.033115866
2023-05-04 00:00:00.000,1.865358948,60661.859944127
2023-05-03 00:00:00.000,1.819081156,116769.684809982
2023-05-02 00:00:00.000,1.832017656,73206.34590977
2023-05-01 00:00:00.000,1.88638908,129377.776324447
2023-04-30 00:00:00.000,1.939712632,91694.847045687
2023-04-29 00:00:00.000,1.935395346,85856.882896085
2023-04-28 00:00:00.000,1.915709054,85488.211629086
2023-04-27 00:00:00.000,1.909961702,122090.730130814
2023-04-26 00:00:00.000,1.958442559,194105.607944838
2023-04-25 00:00:00.000,1.878768122,190280.04660956
2023-04-24 00:00:00.000,1.902641236,160730.236328979
2023-04-23 00:00:00.000,1.920739121,80831.780928233
2023-04-22 00:00:00.000,1.922953903,111595.780925543
2023-04-21 00:00:00.000,2.010355055,162636.438089202
2023-04-20 00:00:00.000,2.129957688,190990.657847677
2023-04-19 00:00:00.000,2.249848626,361145.790201192
2023-04-18 00:00:00.000,2.332678065,164531.709144902
2023-04-17 00:00:00.000,2.285880229,256690.385424451
2023-04-16 00:00:00.000,2.304141002,164077.377963458
2023-04-15 00:00:00.000,2.282426076,243186.421401272
2023-04-14 00:00:00.000,2.223684233,268615.645959461
2023-04-13 00:00:00.000,2.195269394,159406.011034082
2023-04-12 00:00:00.000,2.098561049,385963.489362113
2023-04-11 00:00:00.000,2.068856971,95953.942733922
2023-04-10 00:00:00.000,2.002295905,111316.340926316
2023-04-09 00:00:00.000,1.968887844,75394.132548001
2023-04-08 00:00:00.000,1.997243042,80681.403407132
2023-04-07 00:00:00.000,1.992678851,138486.467739571
2023-04-06 00:00:00.000,1.993959758,76758.74139607
2023-04-05 00:00:00.000,2.032870353,192807.460297288
2023-04-04 00:00:00.000,1.961923429,114498.525938724
2023-04-03 00:00:00.000,1.919864336,224431.931420661
2023-04-02 00:00:00.000,1.968930067,491073.960239442
2023-04-01 00:00:00.000,1.984743846,152835.803961997
2023-03-31 00:00:00.000,1.947113921,234745.114473028
2023-03-30 00:00:00.000,1.955759107,733473.787894122
2023-03-29 00:00:00.000,1.940177622,226038.578661276
2023-03-28 00:00:00.000,1.851104473,265722.246822884
2023-03-27 00:00:00.000,1.905617834,402119.826050635
2023-03-26 00:00:00.000,1.951754189,269987.678400349
2023-03-25 00:00:00.000,1.963718698,286718.821216516
2023-03-24 00:00:00.000,2.010738923,677961.27445161
2023-03-23 00:00:00.000,2.00180171,369126.406808516
2023-03-22 00:00:00.000,2.028989846,807945.297730176
2023-03-21 00:00:00.000,2.025146994,525264.521572103
2023-03-20 00:00:00.000,2.085658935,1217553.10155339
2023-03-19 00:00:00.000,2.14812261,972393.173639155
2023-03-18 00:00:00.000,2.174874243,1016287.95778228
2023-03-17 00:00:00.000,2.039344083,454973.69384465
2023-03-16 00:00:00.000,1.95468704,539441.409461902
2023-03-15 00:00:00.000,2.055399953,873010.311248495
2023-03-14 00:00:00.000,2.076604204,779069.314394271
2023-03-13 00:00:00.000,1.972843404,129771.57730303
2023-03-12 00:00:00.000,1.810125295,34418.08243829
2023-03-11 00:00:00.000,1.767848217,149237.560625731
2023-03-10 00:00:00.000,1.771696516,114203.482816048
2023-03-09 00:00:00.000,1.857121589,74728.358768842
2023-03-08 00:00:00.000,1.939047946,53168.708156274
2023-03-07 00:00:00.000,2.021812899,47894.059925826
2023-03-06 00:00:00.000,2.031520808,29218.009392178
2023-03-05 00:00:00.000,2.073601437,42476.837106855
2023-03-04 00:00:00.000,2.078488342,60891.997679873
2023-03-03 00:00:00.000,2.125867029,100699.5112952
2023-03-02 00:00:00.000,2.253675046,42426.113218398
2023-03-01 00:00:00.000,2.304581315,51993.069894336
2023-02-28 00:00:00.000,2.292162722,76151.455153067
2023-02-27 00:00:00.000,2.340710669,55900.288114686
2023-02-26 00:00:00.000,2.318485634,148982.001163306
2023-02-25 00:00:00.000,2.292134005,68021.566943497
2023-02-24 00:00:00.000,2.407012786,136468.450606326
2023-02-23 00:00:00.000,2.500608032,95769.530183006
2023-02-22 00:00:00.000,2.476246796,73165.90887295
2023-02-21 00:00:00.000,2.614102845,120374.731835009
2023-02-20 00:00:00.000,2.668064323,100616.714989966
2023-02-19 00:00:00.000,2.581778605,102963.665410091
2023-02-18 00:00:00.000,2.541458089,124617.874367886
2023-02-17 00:00:00.000,2.399156022,135837.941575914
2023-02-16 00:00:00.000,2.495354457,133765.396065162
2023-02-15 00:00:00.000,2.281947519,103652.796765144
2023-02-14 00:00:00.000,2.190032054,147049.325613121
2023-02-13 00:00:00.000,2.176518733,181984.183437279
2023-02-12 00:00:00.000,2.304477992,178082.866924534
2023-02-11 00:00:00.000,2.244975611,145021.858752025
2023-02-10 00:00:00.000,2.258817177,168065.44493877
2023-02-09 00:00:00.000,2.512128631,318190.437351084
2023-02-08 00:00:00.000,2.60782916,258924.441925708
2023-02-07 00:00:00.000,2.354678092,86271.987836564
2023-02-06 00:00:00.000,2.378787204,100127.026243507
2023-02-05 00:00:00.000,2.459913162,86281.239809649
2023-02-04 00:00:00.000,2.493142841,90451.652721246
2023-02-03 00:00:00.000,2.458693893,65480.548467178
2023-02-02 00:00:00.000,2.479820388,91515.377802958
2023-02-01 00:00:00.000,2.273824098,517213.123820334
2023-01-31 00:00:00.000,2.319237164,62845.929505232
2023-01-30 00:00:00.000,2.443814517,151378.965881282
2023-01-29 00:00:00.000,2.537576286,96972.198463311
2023-01-28 00:00:00.000,2.533406438,80113.342381417
2023-01-27 00:00:00.000,2.469788357,134827.779160121
2023-01-26 00:00:00.000,2.568233875,140708.429143055
2023-01-25 00:00:00.000,2.387651708,150141.643986189
2023-01-24 00:00:00.000,2.539302431,113972.648541131
2023-01-23 00:00:00.000,2.569203344,130067.642564083
2023-01-22 00:00:00.000,2.422737656,137311.723423299
2023-01-21 00:00:00.000,2.376885138,239187.733336452
2023-01-20 00:00:00.000,2.119908459,70984.680696694
2023-01-19 00:00:00.000,2.050063729,66667.049217351
2023-01-18 00:00:00.000,2.123998754,144754.331914495
2023-01-17 00:00:00.000,2.213342639,197858.530510367
2023-01-16 00:00:00.000,2.225875334,123248.19492771
2023-01-15 00:00:00.000,2.173548618,85938.185663335
2023-01-14 00:00:00.000,2.152691765,224468.09331621
2023-01-13 00:00:00.000,1.835207281,120756.957933615
2023-01-12 00:00:00.000,1.804229379,152556.387412657
2023-01-11 00:00:00.000,1.619460349,100296.111509508
2023-01-10 00:00:00.000,1.636968043,183640.699536891
2023-01-09 00:00:00.000,1.675577855,97674.263293711
2023-01-08 00:00:00.000,1.570841968,86080.474506538
2023-01-07 00:00:00.000,1.566986793,48408.268391511
2023-01-06 00:00:00.000,1.521105673,33976.710434738
2023-01-05 00:00:00.000,1.555214649,69982.090583564
2023-01-04 00:00:00.000,1.48610746,78745.893706618
2023-01-03 00:00:00.000,1.324094331,40121.85573901
2023-01-02 00:00:00.000,1.300063377,20484.549819336
2023-01-01 00:00:00.000,1.25825754,25110.930304957
2022-12-31 00:00:00.000,1.268507093,68977.255623195
2022-12-30 00:00:00.000,1.273963889,35775.740024073
2022-12-29 00:00:00.000,1.318378002,44940.567114859
2022-12-28 00:00:00.000,1.329298484,33030.90793993
2022-12-27 00:00:00.000,1.352941905,37300.532860292
2022-12-26 00:00:00.000,1.351876902,42552.121495053
2022-12-25 00:00:00.000,1.327152744,13792.038993839
2022-12-24 00:00:00.000,1.340650287,19629.127576092
2022-12-23 00:00:00.000,1.345441548,26829.551094889
2022-12-22 00:00:00.000,1.304753091,69467.469866979
2022-12-21 00:00:00.000,1.312343597,32557.246904047
2022-12-20 00:00:00.000,1.320303922,20499.564929001
2022-12-19 00:00:00.000,1.337886318,76700.586262986
2022-12-18 00:00:00.000,1.37296607,26639.218482896
2022-12-17 00:00:00.000,1.383364612,60593.254548796
2022-12-16 00:00:00.000,1.548668809,140536.649592923
2022-12-15 00:00:00.000,1.630499346,61159.966461517
2022-12-14 00:00:00.000,1.711464927,78424.208379549
2022-12-13 00:00:00.000,1.648159333,75707.080436089
2022-12-12 00:00:00.000,1.612486638,99461.772849034
2022-12-11 00:00:00.000,1.700554055,63537.434129255
2022-12-10 00:00:00.000,1.70929704,78958.763463984
2022-12-09 00:00:00.000,1.708970008,52039.270839091
2022-12-08 00:00:00.000,1.681474569,105667.321722521
2022-12-07 00:00:00.000,1.740296286,79488.440946264
2022-12-06 00:00:00.000,1.746641102,55566.435438622
2022-12-05 00:00:00.000,1.747790801,110915.290116353
2022-12-04 00:00:00.000,1.69672641,54447.708404929
2022-12-03 00:00:00.000,1.720015428,81954.001786401
2022-12-02 00:00:00.000,1.754413195,99482.246467371
2022-12-01 00:00:00.000,1.731998598,75117.408533259
2022-11-30 00:00:00.000,1.698952292,106574.185337008
2022-11-29 00:00:00.000,1.60605431,77829.871232164
2022-11-28 00:00:00.000,1.552815632,107565.982627522
2022-11-27 00:00:00.000,1.632587783,59413.730627027
2022-11-26 00:00:00.000,1.652354868,67400.687999872
2022-11-25 00:00:00.000,1.626926771,72174.935930724
2022-11-24 00:00:00.000,1.672063653,93510.146905111
2022-11-23 00:00:00.000,1.629013018,87359.062815763
2022-11-22 00:00:00.000,1.567186517,73407.451705053
2022-11-21 00:00:00.000,1.52591811,170437.873075305
2022-11-20 00:00:00.000,1.704003929,197338.749546073
2022-11-19 00:00:00.000,1.743148197,112584.845780115
2022-11-18 00:00:00.000,1.823323437,112454.582826047
2022-11-17 00:00:00.000,1.868929125,147957.608213505
2022-11-16 00:00:00.000,1.958895773,186090.255469773
2022-11-15 00:00:00.000,1.986693041,166137.769101495
2022-11-14 00:00:00.000,1.927679539,230326.652950987
2022-11-13 00:00:00.000,1.988347455,213963.773805364
2022-11-12 00:00:00.000,2.037210817,199067.243313307
2022-11-11 00:00:00.000,2.184573039,200427.105156275
2022-11-10 00:00:00.000,2.199671875,335740.778272462
2022-11-09 00:00:00.000,2.354003854,828598.328974384
2022-11-08 00:00:00.000,2.863860407,398346.570813131
2022-11-07 00:00:00.000,3.096048621,137810.305505843
2022-11-06 00:00:00.000,3.277992074,155889.796169272
2022-11-05 00:00:00.000,3.332282135,330473.123616066
2022-11-04 00:00:00.000,3.179008621,319732.217288328
2022-11-03 00:00:00.000,3.009073181,270691.729995289
2022-11-02 00:00:00.000,2.96103887,265333.249599729
2022-11-01 00:00:00.000,3.095303387,198363.745265048
2022-10-31 00:00:00.000,3.096230084,141734.047987698
2022-10-30 00:00:00.000,3.125156737,121154.509443065
2022-10-29 00:00:00.000,3.079488001,118855.969546692
2022-10-28 00:00:00.000,2.970381787,98258.80647627
2022-10-27 00:00:00.000,3.070794217,173570.642767943
2022-10-26 00:00:00.000,3.05123153,116859.227184604
2022-10-25 00:00:00.000,2.965132758,225122.157351659
2022-10-24 00:00:00.000,2.94102345,123235.527748106
2022-10-23 00:00:00.000,2.917980514,237048.016565779
2022-10-22 00:00:00.000,2.880080448,206117.708519398
2022-10-21 00:00:00.000,2.839531844,131459.121640444
2022-10-20 00:00:00.000,2.871421869,107846.554753562
2022-10-19 00:00:00.000,2.910032001,97104.617338814
2022-10-18 00:00:00.000,3.013144232,165475.044409951
2022-10-17 00:00:00.000,3.014232998,75753.757501098
2022-10-16 00:00:00.000,2.980812133,74704.365421766
2022-10-15 00:00:00.000,2.987836676,134742.649537766
2022-10-14 00:00:00.000,3.084714284,236919.389382986
2022-10-13 00:00:00.000,3.014541408,317041.234461
2022-10-12 00:00:00.000,3.179189195,118689.880976575
2022-10-11 00:00:00.000,3.200413135,162672.965212606
2022-10-10 00:00:00.000,3.478188414,216755.995245036
2022-10-09 00:00:00.000,3.509727391,137526.193061451
2022-10-08 00:00:00.000,3.540603895,201793.910170191
2022-10-07 00:00:00.000,3.579066086,194351.315379854
2022-10-06 00:00:00.000,3.678464924,206351.148322479
2022-10-05 00:00:00.000,3.627749361,207140.837397162
2022-10-04 00:00:00.000,3.589278162,166649.216721991
2022-10-03 00:00:00.000,3.490143861,204016.944062109
2022-10-02 00:00:00.000,3.558465585,157779.873810517
2022-10-01 00:00:00.000,3.562670931,91945.404563086
2022-09-30 00:00:00.000,3.58176326,260808.112834182
2022-09-29 00:00:00.000,3.569966069,349645.316362278
2022-09-28 00:00:00.000,3.549477085,180468.48148982
2022-09-27 00:00:00.000,3.713016259,278308.439525479
2022-09-26 00:00:00.000,3.650789485,264126.895843835
2022-09-25 00:00:00.000,3.723504904,248690.842128219
2022-09-24 00:00:00.000,3.804423612,315624.202898108
2022-09-23 00:00:00.000,3.785361094,351425.144380838
2022-09-22 00:00:00.000,3.772654962,302378.994724516
2022-09-21 00:00:00.000,3.832899569,391488.230201016
2022-09-20 00:00:00.000,3.969150821,302648.013757917
2022-09-19 00:00:00.000,3.959126574,308210.430901346
2022-09-18 00:00:00.000,4.286733361,403769.409636341
2022-09-17 00:00:00.000,4.287217199,358326.177362724
2022-09-16 00:00:00.000,4.194011364,416406.759999248
2022-09-15 00:00:00.000,4.35197221,500369.30941545
2022-09-14 00:00:00.000,4.466160721,768218.774190818
2022-09-13 00:00:00.000,4.825182506,633011.98138912
2022-09-12 00:00:00.000,4.977857076,444895.504195447
2022-09-11 00:00:00.000,4.790330737,228454.787465048
2022-09-10 00:00:00.000,4.762875704,187132.608684462
2022-09-09 00:00:00.000,4.739259329,296849.20471004
2022-09-08 00:00:00.000,4.491664816,233123.842743989
2022-09-07 00:00:00.000,4.154797682,133008.252659651
2022-09-06 00:00:00.000,4.313458723,240830.044534489
2022-09-05 00:00:00.000,4.193269624,77237.288168834
2022-09-04 00:00:00.000,4.182096845,77910.792542903
2022-09-03 00:00:00.000,4.172372204,163381.191860718
2022-09-02 00:00:00.000,4.268658833,154357.47505492
2022-09-01 00:00:00.000,4.293745044,157682.270271116
2022-08-31 00:00:00.000,4.331875776,196687.438207079
2022-08-30 00:00:00.000,4.096799863,146862.814813958
2022-08-29 00:00:00.000,3.862393069,160600.266765934
2022-08-28 00:00:00.000,3.892237419,130145.11144468
2022-08-27 00:00:00.000,3.933123549,150517.174074188
2022-08-26 00:00:00.000,4.219434327,224680.460820715
2022-08-25 00:00:00.000,4.319349159,86279.172359997
2022-08-24 00:00:00.000,4.268387455,103063.850599883
2022-08-23 00:00:00.000,4.204703006,365567.472280353
2022-08-22 00:00:00.000,4.09684623,221522.940255118
2022-08-21 00:00:00.000,4.202473394,143778.702655665
2022-08-20 00:00:00.000,4.301546049,396901.125674892
2022-08-19 00:00:00.000,4.536063055,368984.040189605
2022-08-18 00:00:00.000,5.092859347,252792.630143733
2022-08-17 00:00:00.000,5.228748485,244002.229866514
2022-08-16 00:00:00.000,5.37624169,350345.397095657
2022-08-15 00:00:00.000,5.559117807,507558.546821652
2022-08-14 00:00:00.000,5.782879783,637458.620927226
2022-08-13 00:00:00.000,5.936857295,450196.802800832
2022-08-12 00:00:00.000,5.839140556,356233.527476169
2022-08-11 00:00:00.000,5.855501975,486394.484198247
2022-08-10 00:00:00.000,5.573302346,1298392.44447286
2022-08-09 00:00:00.000,5.383775187,832191.438552685
2022-08-08 00:00:00.000,5.360504177,482592.325403421
2022-08-07 00:00:00.000,5.054955494,375672.983369888
2022-08-06 00:00:00.000,5.03372833,380880.72851327
2022-08-05 00:00:00.000,4.801869071,528976.299687198
2022-08-04 00:00:00.000,4.516662768,296825.095841059
2022-08-03 00:00:00.000,4.398037232,224147.313568052
2022-08-02 00:00:00.000,4.242793244,298614.8829736
2022-08-01 00:00:00.000,4.262125837,205043.08645838
2022-07-31 00:00:00.000,4.430827735,327040.346715508
2022-07-30 00:00:00.000,4.47656579,462687.571456894
2022-07-29 00:00:00.000,4.404736229,335287.352235277
2022-07-28 00:00:00.000,4.195873402,253429.460351981
2022-07-27 00:00:00.000,3.784334248,183920.795229117
2022-07-26 00:00:00.000,3.688796328,184403.924735852
2022-07-25 00:00:00.000,4.098976732,250275.195364712
2022-07-24 00:00:00.000,4.368958439,171029.889079999
2022-07-23 00:00:00.000,4.317853992,149622.749001591
2022-07-22 00:00:00.000,4.518270334,272100.533668304
2022-07-21 00:00:00.000,4.2381267,169824.870627863
2022-07-20 00:00:00.000,4.469837777,408695.599209528
2022-07-19 00:00:00.000,4.369546315,512178.59600562
2022-07-18 00:00:00.000,3.844114664,320055.572336922
2022-07-17 00:00:00.000,3.6254133,121084.941185504
2022-07-16 00:00:00.000,3.473971842,158381.764702227
2022-07-15 00:00:00.000,3.511772969,223181.792226433
2022-07-14 00:00:00.000,3.342196795,200699.401121064
2022-07-13 00:00:00.000,3.221336186,148483.147371278
2022-07-12 00:00:00.000,3.271429026,81323.95933529
2022-07-11 00:00:00.000,3.432206566,224743.45134248
2022-07-10 00:00:00.000,3.647686597,125417.363592357
2022-07-09 00:00:00.000,3.752482934,194612.607459544
2022-07-08 00:00:00.000,3.634631201,154454.771064608
2022-07-07 00:00:00.000,3.564124145,156022.206538993
2022-07-06 00:00:00.000,3.439176216,191789.899077478
2022-07-05 00:00:00.000,3.442837971,393754.733120863
2022-07-04 00:00:00.000,3.342762119,214063.259589276
2022-07-03 00:00:00.000,3.275964525,107386.035931418
2022-07-02 00:00:00.000,3.312788754,192621.61926684
2022-07-01 00:00:00.000,3.32852112,140933.758760144
2022-06-30 00:00:00.000,3.26379212,245319.803035234
2022-06-29 00:00:00.000,3.455287117,151093.898035079
2022-06-28 00:00:00.000,3.623393546,324804.034836666
2022-06-27 00:00:00.000,3.840897179,211623.612074525
2022-06-26 00:00:00.000,4.131552665,430741.323906432
2022-06-25 00:00:00.000,4.151252368,361154.700595177
2022-06-24 00:00:00.000,3.722301644,354381.454080712
2022-06-23 00:00:00.000,3.422309641,330729.72415622
2022-06-22 00:00:00.000,3.377472077,385708.165834744
2022-06-21 00:00:00.000,3.537907701,488963.422877917
2022-06-20 00:00:00.000,3.313525072,361091.044012248
2022-06-19 00:00:00.000,3.12115809,445417.242212281
2022-06-18 00:00:00.000,3.174115236,515567.388297181
2022-06-17 00:00:00.000,3.346121255,376758.24383827
2022-06-16 00:00:00.000,3.449762349,553236.221211455
2022-06-15 00:00:00.000,3.284877442,666514.702278668
2022-06-14 00:00:00.000,3.425416829,645945.835583801
2022-06-13 00:00:00.000,3.401093672,942865.563889737
2022-06-12 00:00:00.000,3.922549166,519479.65654649
2022-06-11 00:00:00.000,4.401488276,543299.164239951
2022-06-10 00:00:00.000,4.879797249,420838.53491948
2022-06-09 00:00:00.000,5.112396773,266198.290067504
2022-06-08 00:00:00.000,5.211612463,340778.588426573
2022-06-07 00:00:00.000,5.226264417,375318.851265153
2022-06-06 00:00:00.000,5.526218013,410604.627657795
2022-06-05 00:00:00.000,5.323924421,165925.461842822
2022-06-04 00:00:00.000,5.267123935,231289.756405471
2022-06-03 00:00:00.000,5.37113971,260085.643974856
2022-06-02 00:00:00.000,5.360829584,290521.863586093
2022-06-01 00:00:00.000,5.748071776,414947.178314152
2022-05-31 00:00:00.000,6.075128774,769089.069139006
2022-05-30 00:00:00.000,5.479044145,362785.083520266
2022-05-29 00:00:00.000,5.010389662,185989.570943138
2022-05-28 00:00:00.000,4.888421856,284320.044572714
2022-05-27 00:00:00.000,4.973018766,514834.688349498
2022-05-26 00:00:00.000,5.488007076,430967.427409074
2022-05-25 00:00:00.000,5.844451646,383289.379822159
2022-05-24 00:00:00.000,5.817567802,389272.314312545
2022-05-23 00:00:00.000,6.265512785,578329.91181346
2022-05-22 00:00:00.000,6.157338493,438600.713302187
2022-05-21 00:00:00.000,5.851507052,253618.919650833
2022-05-20 00:00:00.000,5.964869242,416704.642281649
2022-05-19 00:00:00.000,5.920132258,843350.219405017
2022-05-18 00:00:00.000,6.339991083,1096039.45775126
2022-05-17 00:00:00.000,6.712199139,1117450.86113675
2022-05-16 00:00:00.000,6.808982606,620803.080303769
2022-05-15 00:00:00.000,6.777717039,776620.843986837
2022-05-14 00:00:00.000,6.413085868,827145.295634381
2022-05-13 00:00:00.000,6.953780023,1901893.96369631
2022-05-12 00:00:00.000,6.252854933,2742463.47646745
2022-05-11 00:00:00.000,8.157879341,4633811.77474025
2022-05-10 00:00:00.000,9.995764933,2193755.06355239
2022-05-09 00:00:00.000,10.933161061,2215568.67471881
2022-05-08 00:00:00.000,10.426036738,1201730.27079945
2022-05-07 00:00:00.000,10.633249216,823584.214516902
2022-05-06 00:00:00.000,10.850616418,970958.768021814
2022-05-05 00:00:00.000,12.274895871,1430116.93579797
2022-05-04 00:00:00.000,12.270902067,1671615.88148368
2022-05-03 00:00:00.000,11.804819693,1072803.78269846
2022-05-02 00:00:00.000,11.680464488,2397008.31757969
2022-05-01 00:00:00.000,11.063098576,1700345.29251219
2022-04-30 00:00:00.000,11.289543399,1707956.93936821
2022-04-29 00:00:00.000,11.957274161,1458565.92107719
2022-04-28 00:00:00.000,12.694937114,1608564.70544516
2022-04-27 00:00:00.000,12.881474462,1715690.35185857
2022-04-26 00:00:00.000,14.260312136,3888937.16831601
2022-04-25 00:00:00.000,14.165466177,5607282.75412141
2022-04-24 00:00:00.000,15.28517709,1856242.13912635
2022-04-23 00:00:00.000,15.550326888,2332191.47161707
2022-04-22 00:00:00.000,15.492541747,2027321.54287789
2022-04-21 00:00:00.000,16.432516712,5158624.42708777
2022-04-20 00:00:00.000,17.043955247,3860209.91686253
2022-04-19 00:00:00.000,16.912423475,4931005.11102255
2022-04-18 00:00:00.000,15.484065247,2590719.78129478
2022-04-17 00:00:00.000,15.992552572,2498412.12699273
2022-04-16 00:00:00.000,15.971622633,972018.097636799
2022-04-15 00:00:00.000,16.03636751,1254938.18538249
2022-04-14 00:00:00.000,16.89817947,2090725.74965432
2022-04-13 00:00:00.000,16.37577534,2882059.47712233
2022-04-12 00:00:00.000,16.278400751,1750364.40634265
2022-04-11 00:00:00.000,15.679509491,1296202.08478693
2022-04-10 00:00:00.000,16.812088598,1111200.49986233
2022-04-09 00:00:00.000,16.843451679,1622017.87002374
2022-04-08 00:00:00.000,18.3271975,5734039.93557741
2022-04-07 00:00:00.000,15.38601385,1431477.7258286
2022-04-06 00:00:00.000,16.262792531,1818472.36861745
2022-04-05 00:00:00.000,16.959751162,1199907.96843532
2022-04-04 00:00:00.000,16.402093267,2082795.93351628
2022-04-03 00:00:00.000,16.083577624,1823007.83972369
2022-04-02 00:00:00.000,15.289324109,1242022.40435829
2022-04-01 00:00:00.000,13.549160752,635674.615513719
2022-03-31 00:00:00.000,13.861055339,822863.408225188
2022-03-30 00:00:00.000,14.172114895,1089133.09980122
2022-03-29 00:00:00.000,13.381466244,942619.152563159
2022-03-28 00:00:00.000,13.203766618,982787.288815921
2022-03-27 00:00:00.000,12.837730669,456207.9791804
2022-03-26 00:00:00.000,12.935383538,600903.286937002
2022-03-25 00:00:00.000,12.548191673,652122.584720042
2022-03-24 00:00:00.000,12.331921214,766796.184607799
2022-03-23 00:00:00.000,11.43024996,297718.280590137
2022-03-22 00:00:00.000,11.206770381,563122.43615807
2022-03-21 00:00:00.000,10.91389963,272875.134526509
2022-03-20 00:00:00.000,10.970613008,541833.333374488
2022-03-19 00:00:00.000,11.309099598,372556.81693467
2022-03-18 00:00:00.000,10.751094926,262484.29061361
2022-03-17 00:00:00.000,10.870678374,518825.507665901
2022-03-16 00:00:00.000,10.243062183,420617.19505679
2022-03-15 00:00:00.000,10.10491106,250062.193611385
2022-03-14 00:00:00.000,9.903657878,274909.538029995
2022-03-13 00:00:00.000,10.278933087,257827.599554453
2022-03-12 00:00:00.000,10.433263383,332949.027376873
2022-03-11 00:00:00.000,10.695477499,408118.185231499
2022-03-10 00:00:00.000,11.055926445,321862.400438514
2022-03-09 00:00:00.000,10.818138453,182325.239827137
2022-03-08 00:00:00.000,9.777760704,151694.557764399
2022-03-07 00:00:00.000,9.930721675,297639.879730439
2022-03-06 00:00:00.000,10.555873541,190731.428222538
2022-03-05 00:00:00.000,10.477112462,210645.089907615
2022-03-04 00:00:00.000,11.070133665,455550.16905997
2022-03-03 00:00:00.000,11.166040678,417202.198581363
2022-03-02 00:00:00.000,11.28849109,404125.773233078
2022-03-01 00:00:00.000,10.453652263,456743.449697443
2022-02-28 00:00:00.000,8.724689378,359822.840015972
2022-02-27 00:00:00.000,8.834617432,430781.287203296
2022-02-26 00:00:00.000,9.18986244,226375.206398412
2022-02-25 00:00:00.000,8.584426086,318882.322851307
2022-02-24 00:00:00.000,8.039924315,748266.889166677
2022-02-23 00:00:00.000,9.057787103,629087.085563902
2022-02-22 00:00:00.000,8.63384562,451474.335284478
2022-02-21 00:00:00.000,9.401968256,638590.025997652
2022-02-20 00:00:00.000,9.582242049,564016.133116699
2022-02-19 00:00:00.000,10.209491597,415113.12741104
2022-02-18 00:00:00.000,10.572404675,793122.484292696
2022-02-17 00:00:00.000,11.119195388,877093.967532902
2022-02-16 00:00:00.000,11.202025745,520039.255050783
2022-02-15 00:00:00.000,11.013939278,587271.072383198
2022-02-14 00:00:00.000,10.363401407,779619.038650602
2022-02-13 00:00:00.000,10.712079195,523041.5192777
2022-02-12 00:00:00.000,10.848111638,498206.09439756
2022-02-11 00:00:00.000,11.719414535,525438.77434711
2022-02-10 00:00:00.000,12.515752757,697892.647199404
2022-02-09 00:00:00.000,12.713719382,772484.970647607
2022-02-08 00:00:00.000,12.988510272,613881.562158063
2022-02-07 00:00:00.000,13.553770229,597319.968748778
2022-02-06 00:00:00.000,13.299172675,467291.804823952
2022-02-05 00:00:00.000,13.059039711,633298.735224101
2022-02-04 00:00:00.000,11.550335959,588482.703503522
2022-02-03 00:00:00.000,10.759552945,518867.295611926
2022-02-02 00:00:00.000,11.327825579,706961.895007185
2022-02-01 00:00:00.000,11.215786613,368893.347296127
2022-01-31 00:00:00.000,10.551509107,609338.283926306
2022-01-30 00:00:00.000,10.870710505,462109.069409407
2022-01-29 00:00:00.000,11.00193826,341716.327361231
2022-01-28 00:00:00.000,10.443991873,672069.231544046
2022-01-27 00:00:00.000,11.029357522,960013.754816289
2022-01-26 00:00:00.000,11.896650326,1261440.56152159
2022-01-25 00:00:00.000,10.871854393,751860.715868672
2022-01-24 00:00:00.000,10.527663865,1096345.38243438
2022-01-23 00:00:00.000,11.700164944,890006.732419322
2022-01-22 00:00:00.000,11.950748483,1668393.6120066
2022-01-21 00:00:00.000,14.41905678,2098306.95426495
2022-01-20 00:00:00.000,16.692752334,1722456.68162646
2022-01-19 00:00:00.000,17.270915432,1421910.70364419
2022-01-18 00:00:00.000,17.6194584,1929962.00102292
2022-01-17 00:00:00.000,19.038353387,3211440.83528266
2022-01-16 00:00:00.000,19.633404706,1799859.01309693
2022-01-15 00:00:00.000,19.6007655,2104687.89888991
2022-01-14 00:00:00.000,19.346017513,3475407.13117099
2022-01-13 00:00:00.000,18.367078644,3902892.34340081
2022-01-12 00:00:00.000,18.060347755,1884955.66627392
2022-01-11 00:00:00.000,16.527893967,1926785.50995046
2022-01-10 00:00:00.000,14.215004193,2026217.91027378
2022-01-09 00:00:00.000,13.677403148,1103743.31233204
2022-01-08 00:00:00.000,14.833731786,2119748.18028535
2022-01-07 00:00:00.000,15.334306615,2868944.29801685
2022-01-06 00:00:00.000,15.560827247,3421898.9645098
2022-01-05 00:00:00.000,16.485679795,5717418.58436554
2022-01-04 00:00:00.000,16.778192142,2109893.38860352
2022-01-03 00:00:00.000,14.621974587,964338.383548447
2022-01-02 00:00:00.000,14.735624094,1165642.61994649
2022-01-01 00:00:00.000,14.769764314,1705592.80145531
2021-12-31 00:00:00.000,15.223942706,1844960.09547564
2021-12-30 00:00:00.000,15.0025408,752615.130847407
2021-12-29 00:00:00.000,13.905201219,762396.845716149
2021-12-28 00:00:00.000,14.030763291,1404802.22665069
2021-12-27 00:00:00.000,15.454093997,1548687.78707975
2021-12-26 00:00:00.000,15.129077282,588902.758048714
2021-12-25 00:00:00.000,14.894527325,976797.535348757
2021-12-24 00:00:00.000,14.682418563,1502900.25572098
2021-12-23 00:00:00.000,13.078658345,2075132.1796802
2021-12-22 00:00:00.000,10.402477656,863762.122929184
2021-12-21 00:00:00.000,8.800356523,293150.001740719
2021-12-20 00:00:00.000,8.650118583,367139.866106555
2021-12-19 00:00:00.000,8.921208728,307446.414795414
2021-12-18 00:00:00.000,8.373084275,220720.196615586
2021-12-17 00:00:00.000,8.869200567,401328.333239898
2021-12-16 00:00:00.000,9.779410033,526029.057689825
2021-12-15 00:00:00.000,9.879126807,563332.001675548
2021-12-14 00:00:00.000,9.316131408,448545.502254941
2021-12-13 00:00:00.000,9.838980512,883515.888148945
2021-12-12 00:00:00.000,10.937535245,540627.468094957
2021-12-11 00:00:00.000,10.35998583,680630.566101236
2021-12-10 00:00:00.000,9.665502166,848114.778071516
2021-12-09 00:00:00.000,9.334595021,1277346.67270434
2021-12-08 00:00:00.000,8.164216279,536596.865908138
2021-12-07 00:00:00.000,7.352279908,346046.884368618
2021-12-06 00:00:00.000,7.064419198,725556.172212003
2021-12-05 00:00:00.000,7.707500368,544380.32146053
2021-12-04 00:00:00.000,8.049634323,1305750.73538726
2021-12-03 00:00:00.000,8.623751754,911253.277915069
2021-12-02 00:00:00.000,8.273758826,571601.539069572
2021-12-01 00:00:00.000,8.6760848,485497.563461356
2021-11-30 00:00:00.000,8.557931824,575101.201057798
2021-11-29 00:00:00.000,8.322132757,579413.279528813
2021-11-28 00:00:00.000,8.053794703,711273.000540831
2021-11-27 00:00:00.000,8.360385329,714996.531136109
2021-11-26 00:00:00.000,8.670177283,1869858.04937458
2021-11-25 00:00:00.000,9.308511116,488081.727198983
2021-11-24 00:00:00.000,9.534231083,751482.961389821
2021-11-23 00:00:00.000,9.462910028,700480.10659578
2021-11-22 00:00:00.000,9.287480806,750970.258897077
2021-11-21 00:00:00.000,9.633573368,590055.776902341
2021-11-20 00:00:00.000,9.592153674,2524686.79573185
2021-11-19 00:00:00.000,9.227042545,1795685.82474238
2021-11-18 00:00:00.000,9.249597256,1822879.9143197
2021-11-17 00:00:00.000,9.604135872,579311.33678964
2021-11-16 00:00:00.000,10.229508718,1570056.78956626
2021-11-15 00:00:00.000,11.634078297,913550.994394622
2021-11-14 00:00:00.000,11.418538157,677353.692734916
2021-11-13 00:00:00.000,11.149271356,505630.287063285
2021-11-12 00:00:00.000,11.623609612,975841.199670806
2021-11-11 00:00:00.000,11.652755026,1710371.19362519
2021-11-10 00:00:00.000,11.348624901,1013982.9260282
2021-11-09 00:00:00.000,10.945092087,864097.876391215
2021-11-08 00:00:00.000,10.388231156,476579.168550977
2021-11-07 00:00:00.000,10.276547919,614850.488805524
2021-11-06 00:00:00.000,10.175679663,755290.974914255
2021-11-05 00:00:00.000,10.613230845,1088008.67889828
2021-11-04 00:00:00.000,10.824131361,1130606.13302244
2021-11-03 00:00:00.000,10.681307796,1711163.99846115
2021-11-02 00:00:00.000,10.507107847,1034193.98743052
2021-11-01 00:00:00.000,10.22863363,1004736.32768838
2021-10-31 00:00:00.000,10.139163477,1021783.13098036
2021-10-30 00:00:00.000,10.932011127,1072582.15950943
2021-10-29 00:00:00.000,11.356241197,938315.205686796
2021-10-28 00:00:00.000,11.714948567,2445685.96120953
2021-10-27 00:00:00.000,11.531474567,2066836.72106852
2021-10-26 00:00:00.000,12.404371655,2568457.79881361
2021-10-25 00:00:00.000,10.895796311,6472275.57031245
2021-10-24 00:00:00.000,9.463379797,592424.351185008
2021-10-23 00:00:00.000,9.133978177,356294.956884265
2021-10-22 00:00:00.000,9.1925895,967911.472652575
2021-10-21 00:00:00.000,9.075575324,2156882.37853015
2021-10-20 00:00:00.000,8.493214021,706385.563626567
2021-10-19 00:00:00.000,7.956732633,419553.568699197
2021-10-18 00:00:00.000,7.816518092,340145.894108598
2021-10-17 00:00:00.000,7.884256979,425827.454887859
2021-10-16 00:00:00.000,7.961519381,435278.79452729
2021-10-15 00:00:00.000,7.911192355,630780.584734438
2021-10-14 00:00:00.000,7.626724096,407458.535075618
2021-10-13 00:00:00.000,7.171717051,484867.688571809
2021-10-12 00:00:00.000,7.141671949,565485.979223237
2021-10-11 00:00:00.000,7.507863519,714402.651697311
2021-10-10 00:00:00.000,7.787988208,779292.469629975
2021-10-09 00:00:00.000,8.144000193,1176977.86684033
2021-10-08 00:00:00.000,8.329755589,1246133.35108096
2021-10-07 00:00:00.000,7.993677113,990674.991057205
2021-10-06 00:00:00.000,7.693929264,899106.888955649
2021-10-05 00:00:00.000,7.863213495,693283.899476005
2021-10-04 00:00:00.000,7.79460592,1338179.05759775
2021-10-03 00:00:00.000,8.113393022,1081949.33754966
2021-10-02 00:00:00.000,7.866709837,820468.39190586
2021-10-01 00:00:00.000,7.34019419,1017955.1937623
2021-09-30 00:00:00.000,6.773857507,644278.991690351
2021-09-29 00:00:00.000,6.7501483,640738.301693587
2021-09-28 00:00:00.000,6.844958244,463422.291480849
2021-09-27 00:00:00.000,7.319441614,648344.147488339
2021-09-26 00:00:00.000,7.344175384,1825137.48529328
2021-09-25 00:00:00.000,7.858519928,1057217.97875483
2021-09-24 00:00:00.000,8.307245129,2235431.113677
2021-09-23 00:00:00.000,8.107143979,1802606.53273428
2021-09-22 00:00:00.000,7.077362434,1512556.80125639
2021-09-21 00:00:00.000,7.530475399,2103777.01496344
2021-09-20 00:00:00.000,8.627446138,2341731.56814951
2021-09-19 00:00:00.000,9.320682433,1630222.98581935
2021-09-18 00:00:00.000,8.801319934,2109029.74742156
2021-09-17 00:00:00.000,8.537677248,2349989.69338268
2021-09-16 00:00:00.000,8.957180467,1467014.3048568
2021-09-15 00:00:00.000,9.040332694,859617.566717939
2021-09-14 00:00:00.000,8.656551949,1408553.41124786
2021-09-13 00:00:00.000,8.33477379,1775871.62892221
2021-09-12 00:00:00.000,9.009154402,1548925.81476545
2021-09-11 00:00:00.000,9.214942879,1587581.57576853
2021-09-10 00:00:00.000,9.430540354,1389352.32445952
